frame,objeto detectado,confianza,id,x_center_norm,y_center_norm
1,Stop,0.76,1,0.604059,0.542901
2,Stop,0.67,1,0.609847,0.542146
3,Stop,0.75,1,0.622124,0.540871
5,Stop,0.97,,0.656021,0.537417
6,Stop,0.97,2,0.656017,0.537417
7,Speed Limit 50,0.13,,0.605904,0.541272
8,Stop,0.98,2,0.667307,0.535822
9,Stop,0.97,2,0.681047,0.533699
10,Speed Limit 50,0.17,,0.404781,0.53336
10,Speed Limit 10,0.12,,0.403916,0.532378
10,Speed Limit 20,0.11,,0.404645,0.532306
10,Speed Limit 50,0.11,,0.609202,0.540396
11,Stop,0.97,2,0.701248,0.531991
12,Speed Limit 10,0.18,,0.390703,0.529321
13,Stop,0.96,2,0.723117,0.527792
14,Stop,0.96,2,0.726995,0.526951
15,Speed Limit 50,0.18,,0.354598,0.523574
16,Stop,1.0,2,0.75032,0.523754
17,Stop,1.0,2,0.776713,0.517998
18,Stop,1.0,,0.821766,0.510976
19,Stop,1.0,2,0.817038,0.511596
20,Speed Limit 110,0.15,,0.265216,0.506132
20,Speed Limit 50,0.15,,0.265368,0.506143
20,Speed Limit 80,0.15,,0.264982,0.505882
20,Speed Limit 30,0.14,,0.265628,0.506047
20,Speed Limit 20,0.13,,0.614887,0.532952
21,Stop,0.98,,0.868383,0.498099
22,Stop,0.98,2,0.866206,0.50005
23,Speed Limit 20,0.2,,0.617132,0.530306
23,Speed Limit 120,0.19,,0.219874,0.49552
23,Speed Limit 110,0.19,,0.219771,0.49533
24,Stop,0.18,,0.922475,0.486331
24,Speed Limit 50,0.12,,0.399276,0.539356
25,Speed Limit 50,0.18,,0.39244,0.53883
26,Speed Limit 20,0.3,,0.619712,0.528146
26,Speed Limit 110,0.24,,0.164579,0.481301
26,Speed Limit 20,0.2,,0.164911,0.481377
26,Speed Limit 50,0.16,,0.165081,0.481201
26,Speed Limit 20,0.12,,0.335013,0.532309
27,Speed Limit 50,0.17,,0.392199,0.538718
29,Speed Limit 50,0.25,,0.629286,0.526026
29,Speed Limit 80,0.19,,0.103202,0.463244
29,Speed Limit 110,0.18,,0.318862,0.529123
29,Speed Limit 50,0.16,,0.10341,0.463514
32,Speed Limit 20,0.22,,0.655977,0.51847
32,Speed Limit 50,0.22,,0.656064,0.517865
32,Speed Limit 50,0.21,,0.28563,0.523938
33,Speed Limit 50,0.19,,0.362684,0.534107
34,Speed Limit 20,0.31,,0.677019,0.512012
34,Speed Limit 50,0.3,,0.266129,0.520581
36,Speed Limit 20,0.32,,0.70567,0.504122
36,Speed Limit 30,0.24,,0.705461,0.504349
36,Speed Limit 50,0.22,,0.245316,0.516692
36,Speed Limit 50,0.21,,0.705364,0.504612
36,Speed Limit 20,0.2,,0.542108,0.534977
37,Speed Limit 30,0.27,,0.743803,0.494547
37,Speed Limit 50,0.21,,0.743435,0.493903
37,Speed Limit 20,0.21,,0.545764,0.532585
37,Speed Limit 50,0.19,,0.220664,0.511709
38,Speed Limit 50,0.19,,0.338875,0.529272
39,Speed Limit 50,0.26,,0.194759,0.506273
39,Speed Limit 20,0.25,,0.796578,0.479603
39,Speed Limit 30,0.21,,0.553598,0.530187
39,Speed Limit 50,0.19,,0.795933,0.479375
39,Speed Limit 10,0.17,,0.194492,0.505974
39,Speed Limit 50,0.11,,0.304064,0.532175
40,Speed Limit 50,0.38,,0.5729,0.524409
40,Speed Limit 30,0.25,,0.572909,0.524489
40,Speed Limit 50,0.24,,0.12959,0.490541
40,Speed Limit 110,0.15,,0.285332,0.528624
41,Speed Limit 20,0.25,,0.288303,0.518925
41,Speed Limit 50,0.16,,0.288154,0.518545
42,Speed Limit 50,0.27,,0.263914,0.513471
43,Speed Limit 50,0.27,,0.263933,0.513566
44,Speed Limit 50,0.24,,0.58685,0.520819
44,Speed Limit 30,0.23,,0.586965,0.521164
44,Speed Limit 50,0.21,,0.092208,0.480593
44,Speed Limit 20,0.19,,0.273399,0.526533
44,Speed Limit 110,0.15,,0.09196,0.480546
45,Speed Limit 50,0.37,,0.235161,0.508181
45,Speed Limit 20,0.29,,0.235263,0.50818
46,Speed Limit 30,0.42,,0.630417,0.507238
46,Speed Limit 50,0.38,,0.630479,0.507388
46,Speed Limit 20,0.2,,0.251331,0.521432
47,Speed Limit 50,0.28,,0.200934,0.500157
48,Speed Limit 20,0.36,,0.159344,0.489441
48,Red Light,0.17,,0.15987,0.489632
49,Speed Limit 20,0.34,19,0.159035,0.48903
50,Speed Limit 30,0.41,,0.665231,0.496874
50,Speed Limit 50,0.26,,0.237766,0.518932
50,Speed Limit 50,0.17,,0.664357,0.496528
51,Speed Limit 20,0.13,,0.110908,0.477846
52,Speed Limit 30,0.33,,0.715887,0.479258
52,Speed Limit 70,0.24,,0.715679,0.479569
52,Speed Limit 110,0.19,,0.22311,0.515123
52,Speed Limit 110,0.16,,0.715465,0.479319
52,Speed Limit 50,0.15,,0.222996,0.515101
53,Speed Limit 30,0.25,,0.787951,0.454293
53,Speed Limit 50,0.25,,0.206403,0.510878
53,Speed Limit 110,0.15,,0.206628,0.51095
53,Speed Limit 70,0.14,,0.787054,0.454535
53,Speed Limit 110,0.14,,0.787561,0.455124
53,Speed Limit 30,0.12,,0.527713,0.537876
53,Speed Limit 50,0.12,,0.528055,0.538033
54,Speed Limit 50,0.24,,0.163528,0.50107
54,Speed Limit 50,0.22,,0.550464,0.534634
55,Speed Limit 20,0.23,,0.099798,0.485198
55,Speed Limit 50,0.19,,0.571663,0.530133
56,Speed Limit 50,0.2,,0.595933,0.523744
56,Speed Limit 40,0.19,,0.595756,0.523371
57,Speed Limit 30,0.34,,0.60963,0.519935
57,Speed Limit 50,0.24,,0.609459,0.519185
58,Speed Limit 30,0.42,,0.627132,0.513618
58,Speed Limit 50,0.33,,0.627017,0.513878
59,Speed Limit 30,0.48,,0.64892,0.505332
59,Speed Limit 50,0.34,,0.648846,0.505584
59,Speed Limit 110,0.16,,0.313249,0.529493
60,Speed Limit 40,0.64,,0.679906,0.495084
60,Speed Limit 30,0.49,,0.679129,0.49521
60,Speed Limit 110,0.26,,0.298419,0.526938
62,Speed Limit 80,0.5,,0.723065,0.478421
62,Speed Limit 30,0.43,,0.723298,0.478033
62,Speed Limit 50,0.22,,0.723405,0.478266
62,Speed Limit 110,0.21,,0.283329,0.523549
62,Speed Limit 50,0.14,,0.283312,0.523184
63,Speed Limit 50,0.36,,0.78912,0.453159
63,Speed Limit 30,0.29,,0.789305,0.452649
63,Speed Limit 20,0.18,,0.265141,0.521027
63,Speed Limit 50,0.12,,0.265398,0.520819
65,Speed Limit 120,0.57,,0.88595,0.411648
65,Speed Limit 50,0.22,,0.24394,0.51627
65,Speed Limit 110,0.19,,0.561968,0.534356
69,Speed Limit 50,0.27,,0.158992,0.499549
69,Speed Limit 50,0.21,,0.581429,0.526799
70,Speed Limit 50,0.33,,0.591691,0.524195
70,Speed Limit 110,0.22,,0.122362,0.490649
70,Speed Limit 20,0.17,,0.122415,0.490519
73,Speed Limit 30,0.38,,0.637293,0.508548
73,Speed Limit 50,0.21,,0.637557,0.508634
73,Speed Limit 40,0.19,,0.63744,0.509137
75,Speed Limit 40,0.54,,0.662886,0.499783
75,Speed Limit 30,0.42,,0.662751,0.499987
75,Speed Limit 110,0.12,,0.662376,0.499915
76,Speed Limit 30,0.45,,0.700927,0.484426
77,Speed Limit 40,0.4,,0.756823,0.463519
77,Speed Limit 70,0.27,,0.756371,0.463999
77,Speed Limit 110,0.24,,0.756774,0.463975
77,Speed Limit 30,0.22,,0.757274,0.463417
81,Green Light,0.23,,0.411415,0.454282
82,Speed Limit 110,0.19,,0.534271,0.532041
83,Green Light,0.29,,0.399401,0.45029
84,Speed Limit 80,0.14,,0.503347,0.526383
86,Speed Limit 80,0.17,,0.468004,0.524727
87,Speed Limit 80,0.32,,0.41622,0.519204
87,Speed Limit 20,0.13,,0.85717,0.516478
88,Speed Limit 80,0.34,,0.260538,0.496109
88,Speed Limit 90,0.14,,0.261213,0.497446
89,Speed Limit 80,0.45,,0.188958,0.479967
89,Speed Limit 20,0.14,,0.773424,0.526014
89,Speed Limit 90,0.12,,0.188889,0.480147
90,Green Light,0.2,,0.353933,0.430647
92,Green Light,0.54,,0.370333,0.416434
92,Green Light,0.14,,0.367234,0.416433
93,Green Light,0.54,48,0.370436,0.41647
94,Green Light,0.56,48,0.369322,0.413307
95,Green Light,0.31,,0.363683,0.40655
95,Speed Limit 50,0.25,,0.568547,0.547393
95,Green Light,0.2,,0.357933,0.407683
96,Green Light,0.31,,0.363758,0.406575
96,Speed Limit 50,0.24,,0.568565,0.547431
96,Green Light,0.2,,0.358168,0.40768
98,Green Light,0.49,,0.352455,0.396428
98,Green Light,0.15,,0.340282,0.396042
99,Green Light,0.2,,0.33596,0.389832
99,Green Light,0.16,,0.348315,0.389186
100,Speed Limit 20,0.12,,0.401335,0.536104
101,Red Light,0.13,,0.32043,0.36685
101,Green Light,0.11,,0.320101,0.369045
102,Speed Limit 110,0.15,,0.383606,0.530901
102,Speed Limit 110,0.11,,0.69967,0.536706
103,Green Light,0.47,,0.314536,0.356525
104,Green Light,0.27,,0.300476,0.350849
105,Green Light,0.33,,0.295161,0.338574
106,Speed Limit 80,0.38,,0.346732,0.52301
107,Green Light,0.26,,0.295623,0.338623
108,Speed Limit 80,0.23,,0.327637,0.518508
108,Speed Limit 110,0.15,,0.327546,0.517959
109,Speed Limit 50,0.24,,0.305413,0.512923
109,Speed Limit 80,0.16,,0.305837,0.512392
110,Green Light,0.26,,0.27587,0.310813
111,Speed Limit 120,0.33,,0.276126,0.505614
111,Speed Limit 80,0.24,,0.276211,0.505733
111,Speed Limit 90,0.13,,0.275596,0.507315
112,Green Light,0.24,,0.251695,0.282473
112,Green Light,0.14,,0.278314,0.280264
116,Green Light,0.16,,0.654071,0.534383
117,Speed Limit 50,0.12,,0.243222,0.531431
119,Speed Limit 110,0.14,,0.400628,0.534425
121,Speed Limit 50,0.16,,0.392185,0.532843
123,Speed Limit 110,0.15,,0.383866,0.531516
125,Speed Limit 50,0.16,,0.372671,0.52951
127,Speed Limit 80,0.47,,0.34556,0.522417
129,Speed Limit 80,0.21,,0.326423,0.517888
129,Speed Limit 110,0.13,,0.326045,0.517756
130,Speed Limit 120,0.44,,0.27362,0.50354
130,Speed Limit 80,0.26,,0.273595,0.503544
130,Speed Limit 90,0.15,,0.27373,0.504233
130,Speed Limit 20,0.11,,0.756953,0.529033
131,Speed Limit 120,0.32,,0.235279,0.494186
131,Speed Limit 80,0.22,,0.235404,0.494705
132,Speed Limit 120,0.36,,0.185168,0.479863
132,Speed Limit 80,0.23,,0.186239,0.47929
132,Speed Limit 110,0.19,,0.186057,0.479346
132,Speed Limit 50,0.11,,0.786763,0.523882
132,Speed Limit 90,0.11,,0.186312,0.479467
133,Speed Limit 110,0.18,,0.388408,0.532276
134,Speed Limit 110,0.23,,0.366775,0.527849
134,Speed Limit 80,0.13,,0.36695,0.527523
137,Speed Limit 80,0.23,,0.352875,0.525283
137,Speed Limit 110,0.17,,0.352987,0.524511
138,Speed Limit 80,0.25,,0.336468,0.519832
139,Speed Limit 50,0.4,,0.314436,0.514701
139,Speed Limit 30,0.14,,0.31495,0.513524
140,Speed Limit 80,0.24,,0.288528,0.508023
140,Speed Limit 50,0.23,,0.288354,0.508441
141,Speed Limit 80,0.41,,0.255635,0.498682
142,Speed Limit 80,0.46,,0.21288,0.487031
143,Green Light,0.27,,0.302271,0.34041
143,Green Light,0.11,,0.307096,0.340573
144,Speed Limit 80,0.29,,0.157802,0.47028
144,Speed Limit 90,0.13,,0.157641,0.470099
151,Speed Limit 50,0.23,,0.378992,0.534319
151,Speed Limit 90,0.16,,0.378907,0.535321
152,Speed Limit 50,0.11,,0.624124,0.540604
155,Speed Limit 110,0.2,,0.340974,0.525633
155,Speed Limit 50,0.2,,0.341373,0.525725
158,Speed Limit 50,0.13,,0.589249,0.544912
159,Speed Limit 50,0.22,,0.309253,0.516776
159,Speed Limit 80,0.21,,0.309204,0.516504
160,Speed Limit 50,0.31,,0.288244,0.511271
160,Speed Limit 90,0.17,,0.288545,0.510975
161,Speed Limit 80,0.27,,0.260225,0.502857
161,Speed Limit 90,0.2,,0.260149,0.503373
162,Speed Limit 80,0.44,,0.180596,0.480067
162,Speed Limit 90,0.25,,0.180506,0.480604
163,Speed Limit 50,0.24,,0.748111,0.520621
163,Speed Limit 20,0.16,,0.748177,0.51983
163,Speed Limit 50,0.12,,0.608031,0.543044
164,Speed Limit 80,0.51,,0.123179,0.463616
164,Speed Limit 120,0.14,,0.124389,0.462341
165,Speed Limit 50,0.22,,0.762887,0.515674
166,Speed Limit 80,0.27,,0.762621,0.513799
166,Speed Limit 50,0.12,,0.564401,0.542204
167,Speed Limit 50,0.34,,0.761551,0.510723
168,Speed Limit 50,0.4,,0.763367,0.507846
168,Speed Limit 30,0.34,,0.762905,0.507801
168,Speed Limit 50,0.22,,0.513095,0.541735
169,Speed Limit 50,0.34,,0.778858,0.49771
169,Speed Limit 30,0.24,,0.778647,0.497285
169,Speed Limit 50,0.13,,0.456628,0.539298
170,Speed Limit 30,0.35,,0.794471,0.489601
170,Speed Limit 50,0.29,,0.794335,0.49003
171,Speed Limit 80,0.33,,0.850423,0.465488
171,Speed Limit 50,0.33,,0.851165,0.465615
171,Speed Limit 50,0.17,,0.356887,0.533205
172,Speed Limit 50,0.39,,0.317421,0.529565
172,Speed Limit 50,0.25,,0.895566,0.44708
172,Speed Limit 80,0.2,,0.894394,0.447029
173,Speed Limit 50,0.24,,0.336428,0.525131
173,Speed Limit 110,0.11,,0.933873,0.491506
174,Speed Limit 80,0.28,,0.324051,0.521199
174,Speed Limit 90,0.15,,0.324221,0.521311
174,Speed Limit 50,0.13,,0.324039,0.520586
174,Speed Limit 110,0.12,,0.325218,0.521979
175,Speed Limit 50,0.26,,0.310155,0.517876
175,Speed Limit 80,0.25,,0.310095,0.518124
175,Speed Limit 50,0.13,,0.682311,0.536197
176,Speed Limit 50,0.57,,0.227795,0.519023
177,Speed Limit 50,0.58,86,0.227796,0.519022
178,Speed Limit 80,0.22,,0.290515,0.512247
178,Speed Limit 50,0.19,,0.290677,0.512561
178,Speed Limit 90,0.13,,0.290284,0.512575
179,Speed Limit 50,0.59,,0.180829,0.508657
180,Speed Limit 80,0.35,,0.265954,0.50512
180,Speed Limit 120,0.3,,0.265975,0.504788
181,Speed Limit 50,0.31,,0.169336,0.506611
182,Speed Limit 120,0.3,,0.235101,0.496567
182,Speed Limit 80,0.2,,0.23552,0.496657
182,Green Light,0.14,,0.43446,0.470625
183,Speed Limit 50,0.34,,0.169434,0.50695
184,Speed Limit 120,0.45,,0.195195,0.484634
184,Speed Limit 80,0.35,,0.196082,0.484367
185,Speed Limit 50,0.69,,0.137051,0.497755
186,Speed Limit 80,0.25,,0.144868,0.468236
186,Speed Limit 120,0.2,,0.144213,0.468981
187,Speed Limit 50,0.33,,0.09451,0.485371
188,Speed Limit 50,0.37,,0.069071,0.476551
189,Speed Limit 80,0.2,,0.315875,0.51938
189,Green Light,0.11,,0.485335,0.443295
190,Green Light,0.21,,0.426036,0.427616
190,Speed Limit 120,0.19,,0.300428,0.513209
191,Speed Limit 120,0.34,,0.256275,0.502675
191,Red Light,0.2,,0.506421,0.431855
191,Speed Limit 80,0.19,,0.256051,0.502635
192,Speed Limit 120,0.47,,0.222659,0.49228
192,Red Light,0.21,,0.435086,0.412043
192,Speed Limit 80,0.14,,0.222682,0.492298
192,Speed Limit 110,0.13,,0.222935,0.493105
192,Green Light,0.11,,0.512836,0.42812
195,Speed Limit 120,0.31,,0.179752,0.479677
195,Green Light,0.28,,0.441998,0.40787
195,Speed Limit 80,0.23,,0.180764,0.479708
195,Speed Limit 110,0.16,,0.180804,0.479225
198,Green Light,0.51,,0.473584,0.365584
198,Speed Limit 110,0.15,,0.817174,0.517718
198,Speed Limit 80,0.11,,0.81734,0.517549
201,Green Light,0.77,,0.495631,0.332607
201,Green Light,0.69,,0.609311,0.354299
201,Speed Limit 110,0.25,,0.909702,0.499253
205,Green Light,0.19,,0.510904,0.471716
206,Green Light,0.76,,0.709657,0.260875
206,Green Light,0.69,,0.548466,0.218549
206,Green Light,0.14,,0.573295,0.45084
206,Red Light,0.13,,0.512689,0.449839
207,Red Light,0.19,,0.528446,0.470174
208,Green Light,0.65,,0.559382,0.173894
208,Green Light,0.15,,0.732126,0.230655
210,Red Light,0.32,,0.634413,0.523967
210,Red Light,0.23,,0.630403,0.451024
211,Speed Limit 50,0.14,,0.668295,0.513657
213,Speed Limit 50,0.11,,0.712192,0.504246
214,Speed Limit 50,0.37,,0.763221,0.494547
214,Red Light,0.15,,0.689129,0.43534
215,Speed Limit 50,0.37,109,0.763237,0.494545
216,Red Light,0.33,,0.709408,0.430695
216,Speed Limit 50,0.32,,0.828559,0.477144
217,Speed Limit 80,0.71,,0.947887,0.435576
217,Speed Limit 90,0.23,,0.946724,0.436082
218,Speed Limit 80,0.71,112,0.947889,0.435576
220,Red Light,0.16,,0.627295,0.419824
221,Red Light,0.25,,0.605511,0.417262
221,Red Light,0.23,,0.528561,0.427126
222,Red Light,0.47,,0.558815,0.409668
222,Red Light,0.29,,0.557123,0.411102
222,Speed Limit 60,0.26,,0.485175,0.538753
223,Red Light,0.46,113,0.558757,0.409679
223,Red Light,0.32,114,0.55714,0.411089
224,Speed Limit 60,0.14,,0.453698,0.537811
225,Red Light,0.64,,0.537401,0.473043
225,Red Light,0.41,,0.670241,0.47971
226,Red Light,0.29,,0.509527,0.39947
226,Red Light,0.17,,0.424585,0.409364
226,Speed Limit 60,0.17,,0.420012,0.537086
226,Speed Limit 60,0.11,,0.424598,0.533746
227,Red Light,0.62,119,0.482207,0.392654
228,Speed Limit 60,0.41,,0.347522,0.528349
228,Red Light,0.25,,0.360845,0.392515
228,Red Light,0.21,,0.389691,0.392231
228,Speed Limit 90,0.11,,0.347104,0.530746
229,Red Light,0.65,119,0.43488,0.376286
230,Speed Limit 60,0.37,,0.295622,0.51984
230,Red Light,0.32,,0.433224,0.367583
230,Red Light,0.11,,0.33612,0.376529
231,Red Light,0.77,119,0.434687,0.3586
232,Red Light,0.74,,0.565633,0.406325
232,Green Light,0.33,,0.566566,0.405998
232,Red Light,0.33,,0.754232,0.431463
233,Red Light,0.28,,0.433917,0.347405
233,Speed Limit 50,0.27,,0.251141,0.508667
233,Speed Limit 90,0.12,,0.251026,0.508831
233,Green Light,0.11,,0.328472,0.361063
234,Red Light,0.78,,0.582637,0.357628
234,Green Light,0.57,,0.791666,0.401256
235,Red Light,0.75,,0.435961,0.335304
235,Speed Limit 50,0.39,,0.222535,0.502432
235,Red Light,0.19,,0.323841,0.352329
236,Red Light,0.76,135,0.435916,0.33531
236,Speed Limit 50,0.38,136,0.222492,0.502388
237,Red Light,0.7,135,0.438818,0.32432
238,Red Light,0.84,,0.615503,0.269689
238,Green Light,0.23,,0.613748,0.267195
239,Red Light,0.73,,0.472886,0.232172
239,Red Light,0.54,,0.325998,0.285253
240,Red Light,0.75,,0.494514,0.175627
240,Red Light,0.32,,0.168487,0.64811
240,Red Light,0.26,,0.193123,0.648398
240,Red Light,0.15,,0.33237,0.25197
240,Green Light,0.14,,0.618428,0.493243
241,Red Light,0.84,,0.519606,0.101907
241,Green Light,0.33,,0.655338,0.487974
242,Green Light,0.32,,0.736354,0.470115
243,Green Light,0.37,,0.739435,0.466697
244,Green Light,0.38,,0.739596,0.44825
245,Green Light,0.44,148,0.73511,0.447608
246,Green Light,0.33,148,0.72834,0.446281
247,Green Light,0.57,,0.384763,0.445926
247,Green Light,0.14,,0.392827,0.449142
248,Green Light,0.69,148,0.718635,0.440136
249,Green Light,0.79,,0.444907,0.426074
250,Green Light,0.7,148,0.71761,0.439431
251,Green Light,0.79,,0.473871,0.412067
252,Green Light,0.43,148,0.70846,0.427456
253,Green Light,0.78,,0.511066,0.391651
254,Green Light,0.9,,0.549578,0.364947
255,Green Light,0.21,,0.715263,0.415495
256,Green Light,0.91,,0.642049,0.27603
256,Red Light,0.17,,0.524058,0.509776
257,Green Light,0.49,,0.745799,0.391744
257,Green Light,0.28,,0.747049,0.395108
258,Green Light,0.3,,0.777287,0.369985
259,Green Light,0.3,,0.777291,0.36999
260,Green Light,0.35,,0.793068,0.357051
260,Green Light,0.11,,0.58301,0.533002
265,Red Light,0.15,,0.589049,0.526344
266,Speed Limit 50,0.2,,0.779844,0.524281
266,Green Light,0.16,,0.589696,0.527494
267,Speed Limit 50,0.21,,0.779779,0.52435
267,Green Light,0.17,,0.589686,0.527476
270,Speed Limit 50,0.23,,0.802121,0.523815
270,Green Light,0.17,,0.59462,0.527602
271,Speed Limit 50,0.32,,0.817076,0.521807
271,Green Light,0.16,,0.596916,0.524473
272,Speed Limit 50,0.41,,0.875483,0.512998
272,Green Light,0.39,,0.602617,0.522784
273,Green Light,0.46,162,0.603877,0.520845
274,Green Light,0.42,162,0.605323,0.520416
275,Red Light,0.79,,0.292404,0.387219
276,Green Light,0.42,162,0.606786,0.519401
277,Green Light,0.47,162,0.606509,0.520049
278,Red Light,0.88,,0.232737,0.335141
278,Green Light,0.23,,0.232793,0.334361
279,Speed Limit 80,0.17,,0.290505,0.514671
280,Speed Limit 80,0.21,,0.22845,0.500785
280,Green Light,0.13,,0.618001,0.514707
281,Speed Limit 80,0.2,,0.228448,0.500761
281,Green Light,0.13,,0.618009,0.514673
282,Green Light,0.4,,0.620137,0.511462
283,Green Light,0.57,169,0.622059,0.511413
284,Green Light,0.69,169,0.624538,0.507788
285,Green Light,0.8,169,0.626971,0.505655
286,Green Light,0.68,169,0.629981,0.504488
287,Red Light,0.2,169,0.634757,0.502564
288,Green Light,0.58,169,0.640849,0.49968
289,Green Light,0.51,,0.658865,0.492396
289,Speed Limit 50,0.16,,0.242927,0.532439
290,Green Light,0.51,171,0.658866,0.492396
291,Green Light,0.5,171,0.666359,0.489978
292,Green Light,0.54,,0.721587,0.468331
292,Green Light,0.23,,0.642611,0.451724
292,Speed Limit 50,0.2,,0.198539,0.526447
292,Red Light,0.13,,0.418386,0.527518
293,Green Light,0.63,,0.740642,0.462154
294,Green Light,0.52,,0.784483,0.445362
294,Speed Limit 50,0.11,,0.169639,0.519689
295,Green Light,0.51,174,0.784483,0.445361
296,Green Light,0.43,,0.810366,0.435386
296,Green Light,0.17,,0.681271,0.43379
297,Green Light,0.46,,0.838243,0.423046
297,Speed Limit 50,0.23,,0.145371,0.517475
298,Green Light,0.52,,0.871704,0.407212
298,Red Light,0.32,,0.429381,0.522524
298,Speed Limit 50,0.15,,0.13353,0.515835
299,Green Light,0.45,,0.435949,0.521544
299,Speed Limit 50,0.21,,0.109852,0.510361
300,Red Light,0.19,,0.439667,0.521825
301,Red Light,0.21,,0.443918,0.519912
301,Speed Limit 50,0.2,,0.084391,0.503086
302,Red Light,0.22,,0.443921,0.51989
302,Speed Limit 50,0.2,,0.08439,0.503086
303,Red Light,0.27,,0.448599,0.517812
303,Speed Limit 50,0.24,,0.071861,0.501175
303,Green Light,0.21,,0.448752,0.517845
304,Red Light,0.38,,0.45383,0.516477
304,Green Light,0.3,,0.454102,0.516991
305,Speed Limit 90,0.15,,0.047484,0.492773
307,Red Light,0.39,,0.489142,0.507165
308,Red Light,0.69,,0.568353,0.482721
309,Red Light,0.69,,0.584402,0.476265
310,Red Light,0.78,,0.619303,0.461556
311,Red Light,0.79,,0.640066,0.450777
311,Red Light,0.16,,0.199329,0.503594
312,Red Light,0.82,,0.663461,0.440127
312,Red Light,0.28,,0.200206,0.50419
313,Red Light,0.86,,0.721221,0.409138
313,Red Light,0.27,,0.200899,0.502385
314,Red Light,0.9,,0.759579,0.38829
314,Red Light,0.18,,0.200946,0.502076
315,Red Light,0.88,,0.803167,0.36019
322,Green Light,0.2,,0.128578,0.466762
324,Green Light,0.23,,0.109051,0.457148
324,Speed Limit 50,0.13,,0.493947,0.544637
325,Green Light,0.38,,0.109263,0.456166
325,Speed Limit 110,0.12,,0.493806,0.544861
326,Speed Limit 110,0.24,,0.506815,0.543707
326,Green Light,0.15,,0.086432,0.448151
327,Speed Limit 110,0.24,,0.506823,0.543649
327,Green Light,0.15,,0.086409,0.44824
328,Red Light,0.13,,0.063256,0.439413
330,Speed Limit 110,0.31,,0.545885,0.540015
333,Speed Limit 110,0.28,,0.60649,0.532877
334,Speed Limit 110,0.32,,0.622519,0.530971
335,Speed Limit 50,0.29,,0.664345,0.5249
335,Speed Limit 90,0.15,,0.128612,0.528426
336,Speed Limit 110,0.29,,0.691331,0.518809
336,Speed Limit 80,0.23,,0.690914,0.518885
336,Speed Limit 120,0.12,,0.690997,0.518487
337,Speed Limit 120,0.33,,0.759545,0.50612
337,Speed Limit 80,0.19,,0.759537,0.506305
338,Speed Limit 80,0.26,,0.802976,0.496435
338,Speed Limit 60,0.22,,0.083698,0.50571
338,Speed Limit 50,0.14,,0.803135,0.497052
339,Speed Limit 80,0.26,,0.802984,0.496435
339,Speed Limit 60,0.22,,0.083681,0.505699
339,Speed Limit 50,0.14,,0.803148,0.497037
340,Speed Limit 120,0.33,,0.856556,0.483746
340,Speed Limit 80,0.18,,0.856008,0.484445
340,Speed Limit 50,0.11,,0.856723,0.484341
341,Speed Limit 110,0.32,,0.918515,0.467246
341,Speed Limit 50,0.15,,0.918262,0.467118
341,Speed Limit 120,0.13,,0.918259,0.467647
342,Red Light,0.85,,0.553399,0.506745
342,Red Light,0.81,,0.646968,0.502859
343,Red Light,0.9,,0.489563,0.505047
343,Red Light,0.83,,0.587325,0.50514
344,Red Light,0.91,,0.39362,0.498262
344,Red Light,0.62,,0.501462,0.500176
344,Red Light,0.11,,0.450256,0.532762
345,Red Light,0.84,209,0.384964,0.495126
345,Red Light,0.76,210,0.496528,0.497316
346,Red Light,0.73,209,0.383221,0.487715
347,Red Light,0.8,209,0.376186,0.48108
347,Red Light,0.79,211,0.514739,0.482112
348,Red Light,0.74,209,0.368188,0.476219
348,Red Light,0.84,211,0.515682,0.47718
349,Red Light,0.87,209,0.3586,0.470024
349,Red Light,0.92,211,0.516899,0.470698
350,Red Light,0.86,209,0.349075,0.46429
350,Red Light,0.84,211,0.518514,0.464013
350,Green Light,0.8,212,0.455028,0.527558
351,Red Light,0.94,211,0.522607,0.443054
351,Green Light,0.89,212,0.452828,0.526056
352,Red Light,0.95,211,0.527811,0.415422
352,Green Light,0.88,212,0.450505,0.525635
352,Green Light,0.63,214,0.506479,0.526471
353,Red Light,0.98,211,0.537356,0.372712
353,Green Light,0.65,212,0.448063,0.524871
353,Green Light,0.77,214,0.506657,0.52474
354,Green Light,0.4,212,0.444186,0.523682
354,Green Light,0.74,214,0.506838,0.522648
356,Speed Limit 110,0.13,,0.772886,0.527411
357,Green Light,0.76,,0.43264,0.513788
357,Green Light,0.71,,0.507716,0.514226
357,Green Light,0.24,,0.435363,0.516376
358,Green Light,0.27,,0.753463,0.453537
359,Green Light,0.83,210,0.508589,0.511526
360,Speed Limit 110,0.29,,0.89538,0.508303
361,Speed Limit 120,0.18,,0.930554,0.501708
361,Speed Limit 110,0.12,,0.930598,0.501998
362,Green Light,0.86,210,0.510047,0.509934
364,Green Light,0.9,210,0.510076,0.506311
365,Green Light,0.77,222,0.407802,0.500817
365,Green Light,0.85,210,0.509981,0.502378
366,Green Light,0.77,222,0.403406,0.497471
366,Green Light,0.91,210,0.510726,0.498651
367,Green Light,0.92,222,0.394036,0.491495
367,Green Light,0.86,210,0.51189,0.493516
368,Green Light,0.82,210,0.513919,0.487167
369,Green Light,0.84,210,0.516038,0.47753
370,Green Light,0.88,210,0.517165,0.469426
370,Green Light,0.88,224,0.352701,0.466612
371,Green Light,0.93,210,0.520815,0.4497
372,Green Light,0.95,210,0.526431,0.42518
373,Green Light,0.32,,0.732187,0.420748
373,Speed Limit 110,0.22,,0.912431,0.506975
373,Green Light,0.21,,0.532789,0.431353
374,Green Light,0.85,209,0.223021,0.384475
374,Green Light,0.97,210,0.535118,0.379307
375,Green Light,0.42,,0.709917,0.41844
375,Speed Limit 110,0.32,,0.895253,0.509449
376,Green Light,0.36,,0.722607,0.410786
376,Speed Limit 110,0.25,,0.91408,0.505262
377,Green Light,0.58,209,0.19254,0.364745
377,Green Light,0.97,210,0.544933,0.334188
378,Green Light,0.53,,0.760885,0.38284
379,Green Light,0.55,,0.79405,0.358213
379,Green Light,0.37,,0.503653,0.392512
380,Green Light,0.42,,0.507162,0.358719
381,Green Light,0.49,,0.507462,0.308335
381,Green Light,0.12,,0.540493,0.315165
382,Green Light,0.76,,0.508672,0.252067
382,Red Light,0.24,,0.510282,0.433777
383,Green Light,0.74,,0.5088,0.17229
384,Green Light,0.75,237,0.508798,0.172268
385,Green Light,0.8,,0.510453,0.100173
385,Green Light,0.14,,0.505754,0.410594
386,Red Light,0.75,,0.510285,0.356073
387,Speed Limit 20,0.13,,0.703291,0.526639
388,Speed Limit 20,0.15,,0.703339,0.526582
391,Speed Limit 20,0.13,,0.725913,0.522431
392,Speed Limit 20,0.21,,0.740797,0.518968
393,Speed Limit 80,0.14,,0.780882,0.511282
394,Speed Limit 10,0.25,,0.807429,0.505494
394,Speed Limit 80,0.2,,0.807318,0.505786
394,Speed Limit 110,0.18,,0.807428,0.506274
395,Speed Limit 80,0.27,,0.838574,0.498673
396,Speed Limit 80,0.26,,0.838606,0.498626
397,Speed Limit 80,0.31,,0.913696,0.478094
398,Speed Limit 80,0.31,242,0.913668,0.478112
399,Speed Limit 80,0.4,,0.955042,0.46578
404,Speed Limit 50,0.11,,0.509763,0.546157
407,Speed Limit 110,0.11,,0.491698,0.545138
408,Speed Limit 110,0.13,,0.486488,0.544657
411,Speed Limit 110,0.12,,0.466796,0.542182
412,Speed Limit 50,0.12,,0.457355,0.542704
413,Speed Limit 110,0.23,,0.449634,0.540956
414,Speed Limit 110,0.24,,0.449588,0.540943
416,Speed Limit 110,0.22,,0.431276,0.539211
417,Speed Limit 110,0.22,,0.431253,0.539225
418,Speed Limit 110,0.12,,0.419297,0.538068
420,Speed Limit 110,0.26,,0.392989,0.534133
421,Red Light,0.38,,0.570527,0.450929
421,Speed Limit 110,0.22,,0.378145,0.532094
422,Speed Limit 110,0.21,,0.359448,0.529768
423,Speed Limit 110,0.21,,0.359461,0.529775
424,Speed Limit 50,0.31,,0.315178,0.522551
424,Red Light,0.18,,0.553295,0.442393
425,Red Light,0.33,,0.550771,0.436522
425,Speed Limit 110,0.16,,0.288195,0.517698
425,Speed Limit 50,0.13,,0.288223,0.517696
426,Red Light,0.33,247,0.550751,0.436523
427,Red Light,0.44,,0.545049,0.432885
427,Speed Limit 50,0.16,,0.256448,0.512204
428,Red Light,0.47,248,0.54515,0.432947
429,Speed Limit 110,0.19,,0.219401,0.504202
429,Speed Limit 120,0.19,,0.219359,0.504322
430,Speed Limit 80,0.26,,0.176185,0.494553
430,Speed Limit 110,0.13,,0.176434,0.494112
431,Speed Limit 80,0.26,,0.176175,0.49457
431,Speed Limit 110,0.13,,0.176418,0.494149
432,Speed Limit 120,0.24,,0.124898,0.480914
432,Speed Limit 80,0.16,,0.125027,0.481559
432,Speed Limit 50,0.15,,0.125202,0.48213
433,Red Light,0.32,,0.530151,0.416071
433,Speed Limit 80,0.32,,0.068461,0.463706
433,Speed Limit 90,0.17,,0.068977,0.464714
434,Red Light,0.67,,0.527154,0.40955
435,Red Light,0.31,,0.52124,0.39847
436,Red Light,0.48,,0.513802,0.376713
437,Red Light,0.28,,0.51137,0.367335
438,Red Light,0.8,,0.511872,0.357176
439,Red Light,0.2,,0.510632,0.347031
440,Red Light,0.66,,0.509404,0.320176
441,Red Light,0.36,,0.50934,0.306058
442,Red Light,0.66,,0.510006,0.288576
443,Red Light,0.66,260,0.509941,0.288594
444,Red Light,0.7,,0.510167,0.248918
445,Red Light,0.53,,0.510527,0.224048
446,Red Light,0.54,262,0.510494,0.224023
447,Red Light,0.63,,0.509703,0.196536
448,Red Light,0.9,,0.512182,0.130395
449,Red Light,0.82,,0.514858,0.047425
449,Green Light,0.14,,0.513386,0.048647
454,Red Light,0.11,,0.4859,0.493172
455,Red Light,0.32,,0.447656,0.489398
455,Red Light,0.13,,0.495443,0.489715
456,Red Light,0.39,,0.494669,0.485693
456,Red Light,0.14,,0.444854,0.484081
457,Red Light,0.28,,0.440716,0.483298
458,Red Light,0.6,,0.434179,0.474376
458,Red Light,0.55,,0.493409,0.472978
459,Red Light,0.6,269,0.434186,0.474382
459,Red Light,0.55,270,0.493404,0.472969
460,Red Light,0.2,,0.428487,0.463692
460,Red Light,0.17,,0.496424,0.464415
461,Red Light,0.77,,0.514362,0.448575
461,Red Light,0.71,,0.437954,0.449636
461,Red Light,0.12,,0.513595,0.446585
462,Red Light,0.57,,0.441352,0.445547
462,Red Light,0.3,,0.524253,0.442259
463,Red Light,0.7,,0.466304,0.426497
463,Red Light,0.43,,0.559513,0.421283
464,Red Light,0.69,,0.490572,0.409549
464,Red Light,0.66,,0.596797,0.400001
465,Red Light,0.75,,0.646153,0.371894
465,Red Light,0.71,,0.522184,0.388451
466,Red Light,0.84,,0.674117,0.355993
466,Red Light,0.74,,0.5412,0.373124
467,Red Light,0.89,,0.596376,0.290707
467,Red Light,0.88,,0.778654,0.26235
467,Green Light,0.16,,0.698687,0.491167
468,Red Light,0.89,283,0.596367,0.290707
468,Red Light,0.88,284,0.778643,0.262348
469,Red Light,0.84,262,0.628658,0.219678
470,Green Light,0.42,,0.565145,0.510223
473,Red Light,0.29,,0.414645,0.49047
473,Green Light,0.18,,0.371334,0.488399
473,Red Light,0.15,,0.764403,0.247085
474,Green Light,0.11,,0.359348,0.486509
476,Green Light,0.65,,0.316077,0.454363
476,Green Light,0.21,,0.381293,0.459337
477,Green Light,0.65,288,0.321021,0.452684
478,Green Light,0.53,288,0.328018,0.449784
479,Green Light,0.54,,0.421708,0.446123
479,Green Light,0.41,,0.344257,0.44171
480,Green Light,0.55,290,0.35335,0.439343
481,Green Light,0.76,,0.3658,0.383341
481,Green Light,0.6,,0.486625,0.378714
482,Green Light,0.77,292,0.365803,0.383333
482,Green Light,0.59,293,0.48662,0.378713
483,Green Light,0.87,,0.486455,0.326826
483,Green Light,0.83,,0.33366,0.338121
484,Green Light,0.87,294,0.486429,0.326808
484,Green Light,0.83,295,0.333656,0.338121
485,Green Light,0.96,,0.490924,0.233427
485,Green Light,0.9,,0.291304,0.268569
486,Green Light,0.96,296,0.490922,0.233406
486,Green Light,0.9,297,0.291307,0.268558
487,Green Light,0.93,,0.500211,0.130994
487,Green Light,0.82,,0.258702,0.202398
490,Red Light,0.44,,0.78087,0.511281
491,Red Light,0.28,,0.798112,0.507595
492,Red Light,0.38,,0.801139,0.505688
493,Red Light,0.48,,0.797816,0.501694
494,Red Light,0.25,,0.793653,0.501816
495,Red Light,0.5,,0.780181,0.502327
496,Red Light,0.43,,0.76276,0.503192
497,Red Light,0.44,305,0.762726,0.503242
498,Red Light,0.44,,0.755328,0.498202
499,Red Light,0.24,,0.765059,0.49543
500,Red Light,0.37,,0.774375,0.491541
501,Red Light,0.35,,0.785119,0.487979
502,Red Light,0.28,,0.828384,0.474755
503,Red Light,0.63,,0.837208,0.471405
505,Red Light,0.55,,0.853199,0.463384
506,Red Light,0.52,,0.872277,0.45141
507,Red Light,0.34,,0.877104,0.450264
